Connector Pin #,Connector Pin Name,Schematic Connection
C1,GND,GND
C2,DP0_C2M_P,NC
C3,DP0_C2M_N,NC
C4,GND,GND
C5,GND,GND
C6,DP0_M2C_P,NC
C7,DP0_M2C_N,NC
C8,GND,GND
C9,GND,GND
C10,LA06_P,NC
C11,LA06_N,NC
C12,GND,GND
C13,GND,GND
C14,LA10_P,NC
C15,LA10_N,NC
C16,GND,GND
C17,GND,GND
C18,LA14_P,TX_CTL/TX_EN
C19,LA14_N,LED_0 [DNI]
C20,GND,GND
C21,GND,GND
C22,LA18_P_CC,GP_CLK/RX_ER
C23,LA18_N_CC,LINK_ST
C24,GND,GND
C25,GND,GND
C26,LA27_P,NC
C27,LA27_N,RXD_3
C28,GND,GND
C29,GND,GND
C30,SCL,SCL
C31,SDA,SDA
C32,GND,GND
C33,GND,GND
C34,GA0,GA0
C35,12P0V,12V_FPGA
C36,GND,GND
C37,12P0V,12V_FPGA
C38,GND,GND
C39,3P3V,3P3_FPGA
C40,GND,GND
D1,PG_C2M,NC
D2,GND,GND
D3,GND,GND
D4,GBTCLK0_M2C_P,NC
D5,GBTCLK0_M2C_N,NC
D6,GND,GND
D7,GND,GND
D8,LA01_P_CC,RXC/RX_CLK
D9,LA01_N_CC,EXT_CLK
D10,GND,GND
D11,LA05_P,TXD_3
D12,LA05_N,TXD_1
D13,GND,GND
D14,LA09_P,NC
D15,LA09_N,SW_1
D16,GND,GND
D17,LA13_P,LED_0
D18,LA13_N,INT_N/CRS
D19,GND,GND
D20,LA17_P_CC,TXC/TX_CLK
D21,LA17_N_CC,NC
D22,GND,GND
D23,LA23_P,NC
D24,LA23_N,NC
D25,GND,GND
D26,LA26_P,NC
D27,LA26_N,RXD_1
D28,GND,GND
D29,TCK,NC
D30,TDI,TDO
D31,TDO,TDI
D32,3P3VAUX,3P3_AUX
D33,TMS,NC
D34,TRST_L,NC
D35,GA1,GA1
D36,3P3V,3P3_FPGA
D37,GND,GND
D38,3P3V,3P3_FPGA
D39,GND,GND
D40,3P3V,3P3_FPGA
G1,GND,GND
G2,CLK1_M2C_P,NC
G3,CLK1_M2C_N,NC
G4,GND,GND
G5,GND,GND
G6,LA00_P_CC,TXC/TX_CLK [DNI]
G7,LA00_N_CC,NC
G8,GND,GND
G9,LA03_P,NC
G10,LA03_N,NC
G11,GND,GND
G12,LA08_P,TXD_2
G13,LA08_N,TXD_0
G14,GND,GND
G15,LA12_P,SW_2
G16,LA12_N,SW_3
G17,GND,GND
G18,LA16_P,MDIO_FMC
G19,LA16_N,MDC_FMC
G20,GND,GND
G21,LA20_P,RX_CTL/RX_DV
G22,LA20_N,LED_B
G23,GND,GND
G24,LA22_P,LED_A
G25,LA22_N,NC
G26,GND,GND
G27,LA25_P,RXD_2
G28,LA25_N,NC
G29,GND,GND
G30,LA29_P,NC
G31,LA29_N,NC
G32,GND,GND
G33,LA31_P,SW_4
G34,LA31_N,IO_SDA
G35,GND,GND
G36,LA33_P,SW_5
G37,LA33_N,SW_6
G38,GND,GND
G39,VADJ,VIO
G40,GND,GND
H1,VREF_A_M2C,NC
H2,PRSNT_M2C_L,GND
H3,GND,GND
H4,CLK0_M2C_P,NC
H5,CLK0_M2C_N,NC
H6,GND,GND
H7,LA02_P,NC
H8,LA02_N,NC
H9,GND,GND
H10,LA04_P,NC
H11,LA04_N,NC
H12,GND,GND
H13,LA07_P,NC
H14,LA07_N,NC
H15,GND,GND
H16,LA11_P,NC
H17,LA11_N,NC
H18,GND,GND
H19,LA15_P,RESET
H20,LA15_N,GP_CLK/RX_ER [DNI]
H21,GND,GND
H22,LA19_P,NC
H23,LA19_N,NC
H24,GND,GND
H25,LA21_P,NC
H26,LA21_N,RXD_0
H27,GND,GND
H28,LA24_P,NC
H29,LA24_N,NC
H30,GND,GND
H31,LA28_P,LED_0 [DNI]
H32,LA28_N,INT_N/CRS [DNI]
H33,GND,GND
H34,LA30_P,NC
H35,LA30_N,NC
H36,GND,GND
H37,LA32_P,IO_SCL
H38,LA32_N,NC
H39,GND,GND
H40,VADJ,VIO
